,recipe_id,ingredient
0,0,1473
1,0,101
2,0,157
3,0,25
4,0,11
5,0,4
6,0,14
7,0,21
8,0,13
9,1,742
10,1,700
11,1,78
12,1,440
13,1,25
14,1,160
15,1,1474
16,1,767
17,1,128
18,1,1058
19,1,102
20,1,10
21,1,106
22,1,12
23,2,924
24,2,2
25,2,219
26,2,17
27,2,25
28,2,148
29,2,44
30,2,16
31,2,278
32,2,4
33,2,14
34,2,12
35,2,91
36,2,22
37,2,20
38,3,159
39,3,44
40,3,4
41,3,60
42,3,14
43,3,113
44,4,2
45,4,4
46,4,14
47,4,116
48,4,10
49,4,91
50,4,13
51,4,113
52,4,33
53,4,58
54,5,1475
55,5,12
56,5,11
57,5,55
58,5,4
59,5,14
60,6,43
61,6,155
62,6,17
63,6,12
64,6,60
65,6,14
66,6,4
67,7,342
68,7,10
69,7,486
70,7,102
71,7,14
72,7,95
73,7,318
74,7,91
75,7,106
76,8,19
77,8,13
78,8,106
79,8,116
80,8,10
81,8,12
82,8,1045
83,9,398
84,9,19
85,9,22
86,9,4
87,9,113
88,9,12
89,9,383
90,9,5
91,9,33
92,10,1476
93,10,203
94,10,521
95,10,464
96,10,1477
97,10,12
98,10,37
99,10,33
100,10,696
101,10,1478
102,11,328
103,11,12
104,11,91
105,11,888
106,11,129
107,11,11
108,11,13
109,11,889
110,12,291
111,12,7
112,12,12
113,12,102
114,12,318
115,12,22
116,12,1479
117,12,697
118,12,21
119,13,91
120,13,1480
121,13,178
122,13,1097
123,13,12
124,13,316
125,13,19
126,13,626
127,13,1481
128,14,1482
129,14,898
130,14,12
131,14,21
132,14,1234
133,14,167
134,14,177
135,14,14
136,14,4
137,15,134
138,15,898
139,15,19
140,15,181
141,15,125
142,15,12
143,15,21
144,15,1234
145,15,167
146,15,177
147,15,14
148,15,4
149,16,43
150,16,12
151,16,268
152,16,13
153,16,14
154,16,55
155,16,4
156,17,468
157,17,43
158,17,26
159,17,17
160,17,113
161,17,12
162,17,19
163,18,1483
164,18,292
165,18,4
166,18,14
167,18,91
168,18,113
169,18,257
170,18,21
171,18,12
172,18,20
173,19,153
174,19,16
175,19,164
176,19,17
177,19,12
178,19,33
179,19,128
180,20,102
181,20,325
182,20,36
183,20,1055
184,20,1484
185,20,266
186,20,1485
187,21,467
188,21,1486
189,21,432
190,21,115
191,21,4
192,21,14
193,21,37
194,21,91
195,21,11
196,21,10
197,21,116
198,21,21
199,21,22
200,21,33
201,21,102
202,21,12
203,22,437
204,22,19
205,22,12
206,22,1487
207,22,280
208,22,13
209,22,287
210,22,116
211,22,163
212,23,1488
213,23,688
214,23,4
215,23,14
216,23,320
217,23,523
218,23,36
219,24,1489
220,24,256
221,24,1180
222,24,316
223,24,12
224,24,320
225,24,1490
226,25,106
227,25,91
228,25,121
229,25,12
230,25,14
231,26,146
232,26,40
233,26,189
234,26,36
235,26,4
236,26,14
237,26,102
238,26,12
239,26,37
240,26,11
241,26,10
242,26,91
243,26,104
244,26,22
245,26,33
246,27,284
247,27,10
248,27,1491
249,27,14
250,27,12
251,27,102
252,27,60
253,27,1492
254,27,55
255,28,84
256,28,102
257,28,14
258,28,4
259,28,22
260,28,104
261,28,237
262,28,1212
263,28,106
264,28,91
265,28,116
266,28,33
267,28,128
268,29,317
269,29,1493
270,29,25
271,29,1494
272,29,12
273,29,37
274,29,33
275,29,101
276,29,1495
277,29,4
278,29,14
279,29,102
280,30,1496
281,30,264
282,30,17
283,30,44
284,30,14
285,30,4
286,30,55
287,30,12
288,30,13
289,30,113
290,30,444
291,31,40
292,31,1497
293,31,219
294,31,1498
295,31,14
296,31,4
297,31,37
298,31,12
299,31,11
300,32,47
301,32,357
302,32,20
303,32,12
304,32,33
305,32,4
306,32,14
307,32,128
308,32,37
309,33,1499
310,33,44
311,33,25
312,33,17
313,33,128
314,33,37
315,33,12
316,33,11
317,34,438
318,34,1500
319,34,19
320,34,1501
321,34,1334
322,34,22
323,34,1237
324,34,1502
325,34,33
326,34,91
327,34,1197
328,35,1503
329,35,285
330,35,4
331,35,91
332,35,10
333,35,14
334,35,12
335,35,20
336,36,602
337,36,14
338,36,157
339,36,315
340,36,101
341,36,10
342,36,91
343,36,983
344,36,116
345,36,12
346,36,22
347,37,1504
348,37,44
349,37,25
350,37,1505
351,37,36
352,37,128
353,37,102
354,37,12
355,37,325
356,37,10
357,37,21
358,37,91
359,37,105
360,37,33
361,38,44
362,38,12
363,38,91
364,38,13
365,38,33
366,39,700
367,39,418
368,39,91
369,39,20
370,40,291
371,40,19
372,40,687
373,40,958
374,40,12
375,40,91
376,40,113
377,40,449
378,40,20
379,41,186
380,41,1475
381,41,173
382,41,19
383,41,91
384,41,116
385,41,36
386,41,22
387,41,237
388,41,12
389,41,13
390,41,20
391,41,4
392,41,14
393,42,145
394,42,4
395,42,14
396,42,888
397,43,4
398,43,14
399,43,888
400,43,145
401,43,12
402,43,10
403,44,1506
404,44,280
405,44,78
406,44,14
407,44,21
408,44,22
409,44,4
410,44,1151
411,44,12
412,44,28
413,44,13
414,44,20
415,45,2
416,45,4
417,45,14
418,45,10
419,45,116
420,45,91
421,45,13
422,45,113
423,45,33
424,45,7
425,46,26
426,46,524
427,46,146
428,46,701
429,46,292
430,46,54
431,46,32
432,46,12
433,46,91
434,46,237
435,46,316
436,46,21
437,46,102
438,46,256
439,46,509
440,46,642
441,46,116
442,46,33
443,46,37
444,47,2
445,47,19
446,47,378
447,47,1507
448,47,116
449,47,91
450,47,33
451,48,2
452,48,19
453,48,378
454,48,1507
455,48,116
456,48,91
457,48,33
458,49,1508
459,49,1509
460,49,12
461,49,280
462,49,4
463,49,427
464,49,13
465,49,19
466,49,287
467,49,7
468,50,38
469,50,19
470,50,1510
471,50,167
472,50,570
473,50,4
474,50,14
475,50,21
476,51,440
477,51,43
478,51,1165
479,51,4
480,51,14
481,51,10
482,51,11
483,51,21
484,51,91
485,51,12
486,51,444
487,52,440
488,52,43
489,52,1165
490,52,4
491,52,14
492,52,10
493,52,11
494,52,21
495,52,91
496,52,12
497,52,444
498,53,1503
499,53,285
500,53,4
501,53,91
502,53,10
503,53,14
504,53,12
505,53,20
506,54,186
507,54,44
508,54,173
509,54,14
510,54,4
511,54,12
512,54,10
513,54,91
514,54,113
515,54,22
516,54,20
517,55,617
518,55,625
519,55,17
520,55,1058
521,55,1038
522,55,316
523,55,178
524,55,12
525,55,91
526,55,320
527,55,167
528,56,1147
529,56,146
530,56,36
531,56,12
532,56,21
533,56,102
534,57,19
535,57,474
536,57,12
537,57,20
538,58,1511
539,58,144
540,58,47
541,58,20
542,58,11
543,58,1512
544,58,13
545,58,12
546,58,21
547,59,218
548,59,19
549,59,167
550,59,22
551,59,12
552,59,4
553,59,14
554,59,13
555,59,21
556,59,4
557,59,14
558,60,146
559,60,83
560,60,1315
561,60,4
562,60,14
563,60,102
564,60,12
565,60,37
566,60,91
567,60,10
568,60,116
569,60,33
570,61,1513
571,61,626
572,61,1134
573,61,10
574,61,91
575,61,12
576,61,1514
577,61,1515
578,62,533
579,62,7
580,62,12
581,62,116
582,62,13
583,62,4
584,62,14
585,62,102
586,62,11
587,62,33
588,63,153
589,63,1516
590,63,524
591,63,1517
592,63,12
593,63,37
594,63,21
595,63,1518
596,64,147
597,64,25
598,64,396
599,64,148
600,64,14
601,64,20
602,64,33
603,64,320
604,64,91
605,64,106
606,64,13
607,64,10
608,65,1134
609,65,10
610,65,91
611,65,12
612,65,1519
613,65,1078
614,65,237
615,66,1049
616,66,1520
617,66,219
618,66,437
619,66,1141
620,66,1521
621,66,181
622,66,14
623,66,19
624,66,12
625,66,21
626,66,33
627,67,1522
628,67,1298
629,67,369
630,67,1523
631,67,1524
632,67,1498
633,67,12
634,67,91
635,67,13
636,67,37
637,67,116
638,67,10
639,67,102
640,67,14
641,67,4
642,67,21
643,67,101
644,67,55
645,67,1525
646,68,406
647,68,1298
648,68,369
649,68,1523
650,68,1524
651,68,36
652,68,12
653,68,91
654,68,13
655,68,37
656,68,116
657,68,10
658,68,102
659,68,14
660,68,4
661,68,21
662,68,101
663,68,55
664,68,33
665,69,768
666,69,468
667,69,17
668,69,12
669,69,13
670,69,60
671,69,4
672,69,113
673,69,14
674,69,28
675,70,1526
676,70,1527
677,70,12
678,70,106
679,70,91
680,70,509
681,71,300
682,71,10
683,71,17
684,71,280
685,71,502
686,71,33
687,71,4
688,71,14
689,71,91
690,71,21
691,72,43
692,72,173
693,72,17
694,72,25
695,72,44
696,72,19
697,72,22
698,72,113
699,72,12
700,72,4
701,72,14
702,72,28
703,73,43
704,73,25
705,73,187
706,73,558
707,73,44
708,73,157
709,73,432
710,73,570
711,73,48
712,73,17
713,73,186
714,73,167
715,73,4
716,73,14
717,73,55
718,73,5
719,73,746
720,73,280
721,73,33
722,74,1096
723,74,238
724,74,101
725,74,4
726,74,10
727,74,106
728,74,12
729,74,848
730,75,186
731,75,4
732,75,4
733,75,55
734,75,5
735,75,599
736,75,12
737,75,33
738,76,77
739,76,1528
740,76,280
741,76,2
742,76,245
743,76,33
744,76,4
745,76,14
746,76,60
747,76,21
748,77,173
749,77,19
750,77,438
751,77,47
752,77,241
753,77,213
754,77,4
755,77,14
756,77,13
757,77,12
758,77,20
759,78,1529
760,78,18
761,78,410
762,78,22
763,78,1530
764,78,4
765,78,14
766,78,102
767,78,11
768,78,37
769,78,12
770,78,33
771,78,21
772,79,130
773,79,4
774,79,14
775,79,10
776,79,91
777,79,33
778,80,16
779,80,418
780,80,664
781,80,19
782,80,576
783,80,7
784,80,13
785,80,12
786,80,11
787,80,22
788,80,55
789,80,383
790,81,1531
791,81,19
792,81,20
793,81,10
794,81,12
795,81,55
796,81,4
797,81,167
798,81,142
799,82,146
800,82,10
801,82,102
802,82,318
803,82,60
804,82,21
805,82,106
806,82,1532
807,83,114
808,83,144
809,83,48
810,83,206
811,83,18
812,83,4
813,83,14
814,83,91
815,83,13
816,83,113
817,83,12
818,83,22
819,83,33
820,84,409
821,84,264
822,84,1533
823,84,19
824,84,4
825,84,14
826,84,583
827,84,12
828,84,11
829,84,13
830,84,91
831,84,21
832,84,245
833,84,22
834,84,238
835,85,1534
836,85,7
837,85,4
838,85,14
839,85,102
840,85,11
841,85,10
842,85,116
843,85,12
844,85,13
845,85,33
846,85,22
847,86,134
848,86,181
849,86,12
850,86,11
851,86,91
852,86,21
853,86,1345
854,86,525
855,86,4
856,86,427
857,86,509
858,87,331
859,87,55
860,87,10
861,87,889
862,87,91
863,87,13
864,87,33
865,88,43
866,88,102
867,88,286
868,88,116
869,88,10
870,88,91
871,89,332
872,89,554
873,89,174
874,89,241
875,89,22
876,89,10
877,89,116
878,89,91
879,89,12
880,89,33
881,90,250
882,90,1535
883,90,14
884,90,4
885,90,280
886,90,10
887,90,12
888,90,397
889,90,21
890,90,22
891,91,346
892,91,54
893,91,256
894,91,12
895,91,102
896,91,237
897,91,91
898,92,323
899,92,80
900,92,19
901,92,160
902,92,103
903,92,14
904,92,101
905,92,10
906,92,12
907,92,91
908,92,113
909,92,13
910,92,22
911,92,1536
912,93,602
913,93,219
914,93,16
915,93,437
916,93,852
917,93,17
918,93,1537
919,93,12
920,93,13
921,93,280
922,93,427
923,93,4
924,93,19
925,93,421
926,93,22
927,93,20
928,93,28
929,94,79
930,94,1151
931,94,22
932,94,12
933,94,521
934,95,40
935,95,1020
936,95,102
937,95,91
938,95,172
939,95,33
940,96,379
941,96,43
942,96,437
943,96,17
944,96,19
945,96,4
946,96,14
947,96,12
948,96,113
949,96,28
950,96,20
951,96,22
952,97,40
953,97,1538
954,97,437
955,97,1539
956,97,91
957,97,14
958,97,13
959,97,12
960,97,116
961,97,505
962,98,79
963,98,1513
964,98,1540
965,98,148
966,98,1170
967,98,128
968,98,12
969,98,1541
970,99,43
971,99,55
972,99,12
973,99,476
974,99,746
975,99,4
976,99,1542
977,99,927
978,99,14
979,99,401
980,100,222
981,100,32
982,100,7
983,100,10
984,100,91
985,100,12
986,100,14
987,100,4
988,100,11
989,101,130
990,101,101
991,101,36
992,101,102
993,101,172
994,101,33
995,102,266
996,102,25
997,102,174
998,102,1543
999,102,10
1000,102,91
1001,102,21
1002,102,671
1003,102,1055
1004,102,33
1005,102,128
1006,102,12
1007,102,3
1008,102,22
1009,102,181
1010,103,157
1011,103,12
1012,103,13
1013,103,14
1014,103,4
1015,103,55
1016,104,16
1017,104,772
1018,104,12
1019,104,13
1020,104,4
1021,104,14
1022,104,821
1023,104,112
1024,104,290
1025,105,43
1026,105,1364
1027,105,4
1028,105,14
1029,105,1528
1030,105,12
1031,105,280
1032,105,20
1033,106,1380
1034,106,17
1035,106,10
1036,106,116
1037,106,4
1038,106,113
1039,106,14
1040,106,45
1041,106,12
1042,107,1134
1043,107,105
1044,107,13
1045,107,12
1046,107,1544
1047,107,1113
1048,107,25
1049,107,148
1050,107,1545
1051,107,138
1052,107,1546
1053,107,21
1054,108,353
1055,108,91
1056,108,102
1057,109,43
1058,109,129
1059,109,91
1060,109,277
1061,109,1547
1062,109,698
1063,109,12
1064,109,14
1065,109,1343
1066,109,1012
1067,109,1548
1068,109,928
1069,109,890
1070,109,347
1071,109,55
1072,109,401
1073,110,1549
1074,110,1550
1075,110,91
1076,110,4
1077,110,14
1078,110,280
1079,110,10
1080,110,104
1081,110,12
1082,110,238
1083,111,467
1084,111,19
1085,111,1447
1086,111,287
1087,111,523
1088,111,12
1089,111,238
1090,111,280
1091,111,13
1092,111,21
1093,111,45
1094,112,114
1095,112,12
1096,112,13
1097,112,4
1098,112,14
1099,112,11
1100,112,22
1101,112,434
1102,112,20
1103,113,371
1104,113,148
1105,113,4
1106,113,147
1107,113,238
1108,113,91
1109,113,10
1110,113,320
1111,113,1013
1112,114,1551
1113,114,91
1114,114,1514
1115,114,1127
1116,114,4
1117,114,148
1118,114,281
1119,114,140
1120,114,10
1121,114,12
1122,114,21
1123,114,13
1124,115,331
1125,115,13
1126,115,12
1127,115,55
1128,115,91
1129,115,33
1130,116,25
1131,116,94
1132,116,44
1133,116,36
1134,116,7
1135,116,33
1136,116,11
1137,116,12
1138,116,13
1139,116,91
1140,116,10
1141,116,14
1142,116,1354
1143,116,299
1144,117,331
1145,117,206
1146,117,174
1147,117,25
1148,117,241
1149,117,10
1150,117,91
1151,117,116
1152,117,101
1153,117,4
1154,117,14
1155,117,22
1156,117,33
1157,118,1552
1158,118,498
1159,118,4
1160,118,280
1161,118,14
1162,118,60
1163,118,10
1164,118,20
1165,119,225
1166,119,91
1167,119,20
1168,120,19
1169,120,276
1170,120,144
1171,120,44
1172,120,182
1173,120,12
1174,120,13
1175,120,22
1176,120,21
1177,120,36
1178,120,33
1179,121,16
1180,121,114
1181,121,438
1182,121,19
1183,121,91
1184,121,13
1185,121,113
1186,121,12
1187,121,14
1188,121,22
1189,121,5
1190,121,20
1191,122,186
1192,122,187
1193,122,25
1194,122,3
1195,122,2
1196,122,19
1197,122,12
1198,122,91
1199,122,10
1200,122,13
1201,122,113
1202,122,21
1203,122,55
1204,122,241
1205,122,237
1206,122,22
1207,122,20
1208,122,4
1209,122,14
1210,122,746
1211,122,33
1212,123,1553
1213,123,119
1214,123,216
1215,123,1554
1216,123,4
1217,123,102
1218,123,128
1219,123,12
1220,123,21
1221,123,33
1222,123,91
1223,124,2
1224,124,241
1225,124,877
1226,124,103
1227,124,508
1228,124,18
1229,124,12
1230,124,37
1231,124,45
1232,124,91
1233,124,4
1234,124,263
1235,125,44
1236,125,558
1237,125,25
1238,125,1133
1239,125,1055
1240,125,1134
1241,125,281
1242,125,21
1243,125,12
1244,125,10
1245,125,91
1246,125,105
1247,126,927
1248,126,1555
1249,126,18
1250,126,1071
1251,126,1556
1252,126,1557
1253,126,12
1254,126,37
1255,127,1093
1256,127,1558
1257,127,25
1258,127,138
1259,127,801
1260,127,1075
1261,127,1559
1262,127,1135
1263,127,139
1264,127,1450
1265,127,4
1266,127,148
1267,127,10
1268,127,20
1269,127,33
1270,127,238
1271,127,106
1272,127,91
1273,127,12
1274,127,129
1275,127,1013
1276,128,321
1277,128,285
1278,128,44
1279,128,14
1280,128,103
1281,128,10
1282,128,280
1283,128,91
1284,128,1151
1285,128,20
1286,128,22
1287,129,186
1288,129,44
1289,129,10
1290,129,14
1291,129,11
1292,129,22
1293,129,103
1294,129,91
1295,129,128
1296,129,20
1297,130,186
1298,130,285
1299,130,160
1300,130,14
1301,130,103
1302,130,91
1303,130,22
1304,130,280
1305,130,10
1306,130,523
1307,130,20
1308,131,1560
1309,131,208
1310,131,91
1311,131,37
1312,131,4
1313,131,33
1314,132,146
1315,132,208
1316,132,12
1317,132,4
1318,132,102
1319,132,11
1320,132,22
1321,132,91
1322,132,128
1323,132,45
1324,133,468
1325,133,16
1326,133,26
1327,133,17
1328,133,19
1329,133,22
1330,133,12
1331,133,113
1332,133,13
1333,133,21
1334,133,33
1335,133,20
1336,134,269
1337,134,190
1338,134,12
1339,134,121
1340,134,91
1341,135,700
1342,135,730
1343,135,772
1344,135,91
1345,135,226
1346,136,220
1347,136,12
1348,136,10
1349,136,268
1350,136,91
1351,137,1561
1352,137,12
1353,137,499
1354,137,33
1355,137,91
1356,138,1562
1357,138,1563
1358,138,14
1359,138,12
1360,138,37
1361,138,21
1362,138,11
1363,139,940
1364,139,691
1365,139,427
1366,139,13
1367,139,1397
1368,140,46
1369,140,51
1370,140,17
1371,140,44
1372,140,153
1373,140,19
1374,140,12
1375,140,10
1376,140,91
1377,140,113
1378,140,22
1379,140,4
1380,140,20
1381,140,14
1382,141,49
1383,141,19
1384,141,4
1385,141,14
1386,141,10
1387,141,60
1388,141,12
1389,141,113
1390,141,20
1391,142,432
1392,142,32
1393,142,558
1394,142,12
1395,142,37
1396,142,10
1397,142,102
1398,142,4
1399,142,106
1400,142,91
1401,143,473
1402,143,12
1403,143,888
1404,143,129
1405,144,43
1406,144,12
1407,144,10
1408,144,14
1409,144,55
1410,144,11
1411,144,33
1412,144,476
1413,144,4
1414,144,226
1415,144,580
1416,145,19
1417,145,1564
1418,145,10
1419,145,12
1420,145,277
1421,145,129
1422,146,1565
1423,146,1566
1424,146,4
1425,146,14
1426,146,204
1427,146,1567
1428,146,12
1429,146,37
1430,146,91
1431,146,11
1432,146,21
1433,146,23
1434,147,398
1435,147,1566
1436,147,4
1437,147,14
1438,147,204
1439,147,825
1440,147,12
1441,147,37
1442,147,91
1443,147,11
1444,147,21
1445,147,23
1446,148,1209
1447,148,285
1448,148,1568
1449,148,17
1450,148,148
1451,148,254
1452,148,25
1453,148,19
1454,148,4
1455,148,14
1456,148,10
1457,148,12
1458,148,13
1459,148,22
1460,148,401
1461,148,20
1462,149,43
1463,149,476
1464,149,580
1465,149,10
1466,149,12
1467,149,113
1468,149,55
1469,149,581
1470,149,4
1471,149,14
1472,149,33
1473,150,1569
1474,150,12
1475,150,10
1476,150,55
1477,150,113
1478,150,21
1479,150,112
1480,151,174
1481,151,213
1482,151,958
1483,151,1334
1484,151,20
1485,151,19
1486,151,438
1487,151,91
1488,151,1197
1489,152,149
1490,152,554
1491,152,4
1492,152,101
1493,152,12
1494,152,91
1495,152,21
1496,152,33
1497,153,739
1498,153,13
1499,153,1570
1500,153,12
1501,153,664
1502,153,280
1503,153,19
1504,153,1571
1505,153,22
1506,153,163
1507,153,20
1508,154,134
1509,154,25
1510,154,125
1511,154,1530
1512,154,237
1513,154,116
1514,154,91
1515,154,12
1516,154,37
1517,154,4
1518,154,14
1519,154,102
1520,154,22
1521,154,509
1522,155,134
1523,155,25
1524,155,125
1525,155,19
1526,155,237
1527,155,116
1528,155,91
1529,155,12
1530,155,37
1531,155,4
1532,155,14
1533,155,102
1534,155,22
1535,155,509
1536,156,398
1537,156,134
1538,156,25
1539,156,17
1540,156,19
1541,156,4
1542,156,14
1543,156,12
1544,156,91
1545,156,22
1546,156,20
1547,157,134
1548,157,12
1549,157,13
1550,157,14
1551,157,102
1552,157,11
1553,157,33
1554,157,22
1555,157,237
1556,157,121
1557,157,427
1558,157,58
1559,158,134
1560,158,12
1561,158,13
1562,158,14
1563,158,102
1564,158,11
1565,158,33
1566,158,22
1567,158,237
1568,158,121
1569,158,427
1570,158,58
1571,159,134
1572,159,904
1573,159,12
1574,159,11
1575,159,4
1576,159,427
1577,159,37
1578,159,22
1579,160,134
1580,160,153
1581,160,12
1582,160,11
1583,160,4
1584,160,14
1585,160,37
1586,160,22
1587,161,138
1588,161,19
1589,161,13
1590,161,91
1591,161,10
1592,161,4
1593,162,19
1594,162,1572
1595,162,4
1596,162,91
1597,162,33
1598,162,320
1599,163,95
1600,163,121
1601,163,91
1602,163,1561
1603,164,291
1604,164,79
1605,164,505
1606,164,12
1607,164,10
1608,164,13
1609,164,4
1610,164,14
1611,164,11
1612,164,22
1613,164,91
1614,165,114
1615,165,271
1616,165,19
1617,165,378
1618,165,12
1619,165,1573
1620,165,91
1621,165,121
1622,166,1574
1623,166,904
1624,166,12
1625,166,37
1626,166,11
1627,166,4
1628,166,14
1629,166,318
1630,166,21
1631,166,22
1632,166,509
1633,166,128
1634,166,1525
1635,166,4
1636,167,1575
1637,167,439
1638,167,872
1639,167,332
1640,167,44
1641,167,54
1642,167,12
1643,167,91
1644,167,10
1645,167,318
1646,167,21
1647,167,33
1648,167,4
1649,167,14
1650,168,968
1651,168,439
1652,168,872
1653,168,332
1654,168,44
1655,168,54
1656,168,12
1657,168,91
1658,168,10
1659,168,318
1660,168,21
1661,168,33
1662,168,4
1663,168,14
1664,169,145
1665,169,4
1666,169,116
1667,169,55
1668,170,1576
1669,170,12
1670,170,11
1671,170,10
1672,170,37
1673,170,4
1674,170,14
1675,170,55
1676,170,101
1677,170,36
1678,170,33
1679,171,197
1680,171,12
1681,171,11
1682,171,10
1683,171,37
1684,171,4
1685,171,14
1686,171,55
1687,171,101
1688,171,36
1689,171,33
1690,172,1577
1691,172,103
1692,172,4
1693,172,95
1694,172,25
1695,172,318
1696,172,1578
1697,172,105
1698,173,25
1699,173,17
1700,173,688
1701,173,19
1702,173,10
1703,173,523
1704,173,20
1705,173,4
1706,173,33
1707,174,1579
1708,174,148
1709,174,175
1710,174,102
1711,174,91
1712,174,696
1713,174,21
1714,175,1580
1715,175,1040
1716,175,643
1717,175,1581
1718,175,19
1719,175,1055
1720,175,10
1721,175,91
1722,175,12
1723,175,105
1724,175,1582
1725,176,1521
1726,176,108
1727,176,1583
1728,176,148
1729,176,36
1730,176,10
1731,176,116
1732,176,105
1733,176,13
1734,176,102
1735,176,320
1736,177,355
1737,177,147
1738,177,432
1739,177,256
1740,177,12
1741,177,22
1742,177,128
1743,177,91
1744,178,1097
1745,178,1070
1746,178,316
1747,178,91
1748,178,596
1749,178,1546
1750,178,106
1751,178,75
1752,179,285
1753,179,1584
1754,179,44
1755,179,4
1756,179,14
1757,179,10
1758,179,91
1759,179,280
1760,180,291
1761,180,1333
1762,180,7
1763,180,12
1764,180,91
1765,180,687
1766,181,46
1767,181,284
1768,181,1158
1769,181,44
1770,181,25
1771,181,36
1772,181,4
1773,181,14
1774,181,10
1775,181,116
1776,181,12
1777,181,91
1778,181,113
1779,181,21
1780,181,20
1781,182,284
1782,182,10
1783,182,186
1784,182,320
1785,182,1585
1786,182,1318
1787,182,4
1788,182,287
1789,182,14
1790,182,36
1791,182,163
1792,182,12
1793,182,20
1794,183,515
1795,183,437
1796,183,94
1797,183,438
1798,183,17
1799,183,19
1800,183,12
1801,183,113
1802,183,22
1803,183,13
1804,183,20
1805,184,1079
1806,184,128
1807,184,181
1808,184,33
1809,184,12
1810,184,21
1811,185,379
1812,185,1586
1813,185,17
1814,185,44
1815,185,43
1816,185,153
1817,185,12
1818,185,13
1819,185,113
1820,185,21
1821,185,28
1822,185,14
1823,185,20
1824,185,4
1825,186,286
1826,186,12
1827,186,121
1828,186,10
1829,186,91
1830,187,396
1831,187,1572
1832,187,1209
1833,187,4
1834,187,102
1835,187,101
1836,187,10
1837,187,33
1838,187,320
1839,187,12
1840,188,196
1841,188,147
1842,188,17
1843,188,418
1844,188,378
1845,188,19
1846,188,12
1847,188,113
1848,188,383
1849,188,241
1850,188,4
1851,188,22
1852,188,14
1853,188,7
1854,189,15
1855,189,4
1856,189,14
1857,189,102
1858,189,1587
1859,189,37
1860,189,12
1861,189,11
1862,189,21
1863,189,91
1864,189,22
1865,190,19
1866,190,1058
1867,190,144
1868,190,40
1869,190,182
1870,190,396
1871,190,109
1872,190,36
1873,190,4
1874,190,12
1875,190,325
1876,190,121
1877,190,21
1878,190,33
1879,190,105
1880,191,125
1881,191,2
1882,191,174
1883,191,17
1884,191,19
1885,191,322
1886,191,13
1887,191,12
1888,191,10
1889,191,4
1890,191,14
1891,191,21
1892,191,113
1893,191,91
1894,191,163
1895,192,1537
1896,192,1588
1897,192,11
1898,192,21
1899,192,562
1900,192,4
1901,192,14
1902,192,163
1903,192,12
1904,192,126
1905,192,619
1906,193,19
1907,193,12
1908,193,287
1909,193,383
1910,193,238
1911,194,114
1912,194,16
1913,194,19
1914,194,25
1915,194,17
1916,194,113
1917,194,12
1918,194,13
1919,194,14
1920,194,4
1921,195,43
1922,195,44
1923,195,438
1924,195,1025
1925,195,12
1926,195,10
1927,195,91
1928,195,113
1929,195,4
1930,195,22
1931,195,14
1932,195,20
1933,196,554
1934,196,91
1935,196,121
1936,197,40
1937,197,1589
1938,197,26
1939,197,439
1940,197,1590
1941,197,17
1942,197,16
1943,197,437
1944,197,245
1945,197,280
1946,197,12
1947,197,13
1948,197,22
1949,197,20
1950,198,196
1951,198,143
1952,198,20
1953,198,11
1954,198,163
1955,198,10
1956,198,12
1957,198,14
1958,198,4
1959,198,126
1960,198,13
1961,198,21
1962,199,1591
1963,199,663
1964,199,14
1965,199,12
1966,199,11
1967,199,21
1968,199,324
1969,199,33
1970,199,10
1971,199,22
1972,200,355
1973,200,663
1974,200,241
1975,200,148
1976,200,12
1977,200,33
1978,200,4
1979,200,91
1980,200,21
1981,201,1157
1982,201,663
1983,201,1046
1984,201,19
1985,201,882
1986,201,12
1987,201,33
1988,201,21
1989,201,238
1990,202,43
1991,202,17
1992,202,155
1993,202,14
1994,202,4
1995,202,60
1996,203,1592
1997,203,81
1998,203,1593
1999,203,4
2000,203,14
2001,203,102
2002,203,281
2003,203,12
2004,203,21
2005,203,238
2006,204,266
2007,204,12
2008,204,14
2009,204,102
2010,204,33
2011,204,91
2012,204,418
2013,204,112
2014,205,196
2015,205,151
2016,205,83
2017,205,12
2018,205,11
2019,205,104
2020,205,32
2021,205,10
2022,205,91
2023,205,37
2024,205,128
2025,205,14
2026,205,4
2027,205,22
2028,205,33
2029,205,509
2030,206,206
2031,206,54
2032,206,25
2033,206,44
2034,206,19
2035,206,331
2036,206,4
2037,206,14
2038,206,12
2039,206,37
2040,206,11
2041,206,55
2042,206,287
2043,206,167
2044,207,50
2045,207,12
2046,207,10
2047,207,113
2048,207,757
2049,208,300
2050,208,17
2051,208,44
2052,208,4
2053,208,14
2054,208,102
2055,208,10
2056,208,91
2057,208,113
2058,208,12
2059,208,21
2060,208,22
2061,208,33
2062,208,20
2063,209,134
2064,209,143
2065,209,25
2066,209,103
2067,209,12
2068,209,37
2069,209,91
2070,209,10
2071,209,116
2072,209,11
2073,209,22
2074,209,4
2075,209,14
2076,210,321
2077,210,1594
2078,210,10
2079,210,280
2080,210,245
2081,210,14
2082,210,36
2083,210,21
2084,210,4
2085,210,91
2086,211,1482
2087,211,437
2088,211,25
2089,211,54
2090,211,44
2091,211,19
2092,211,1498
2093,211,12
2094,211,11
2095,211,427
2096,211,21
2097,211,37
2098,211,128
2099,211,22
2100,211,509
2101,211,1525
2102,211,4
2103,212,119
2104,212,153
2105,212,79
2106,212,1595
2107,212,12
2108,212,11
2109,212,21
2110,212,37
2111,212,19
2112,212,22
2113,212,36
2114,212,509
2115,212,4
2116,212,14
2117,213,119
2118,213,153
2119,213,79
2120,213,12
2121,213,11
2122,213,21
2123,213,37
2124,213,19
2125,213,22
2126,213,36
2127,213,509
2128,213,4
2129,213,14
2130,214,432
2131,214,43
2132,214,1596
2133,214,12
2134,214,37
2135,214,163
2136,215,524
2137,215,1597
2138,215,125
2139,215,643
2140,215,12
2141,215,91
2142,215,21
2143,215,11
2144,215,318
2145,215,4
2146,215,14
2147,215,102
2148,216,1598
2149,216,1599
2150,216,280
2151,216,60
2152,216,4
2153,216,14
2154,216,523
2155,217,255
2156,217,12
2157,217,33
2158,217,95
2159,217,91
